Timestamp,Source,Bt-med,Bt-min,Bt-max,Bx-med,Bx-min,Bx-max,By-med,By-min,By-max,Bz-med,Bz-min,Bz-max,Phi-mean,Phi-min,Phi-max,Theta-med,Theta-min,Theta-max,Dens-med,Dens-min,Dens-max,Speed-med,Speed-min,Speed-max,Temp-med,Temp-min,Temp-max,date_part,time_part,KP
9/9/2023 0:00,1,5.78,5.6,6.07,4.63,3.95,5.21,-2.27,-4.1,0.28,-2.32,-3.93,-0.69,335.81,0.96,353.95,-24.02,-44.05,-6.51,1.57,0.71,1.91,402.1,328.9,407.1,54427,5000,81376,9/9/2023,00:00:00,3.0
9/9/2023 3:00,1,5.7,4.86,5.9,3.64,1.98,5.56,-1.33,-2.18,0.23,-4.0,-5.16,2.85,342.5,0.8,357.51,-46.11,-64.82,31.5,2.1,0.79,3.31,377.1,339.9,421.5,79342,8444,174425,9/9/2023,03:00:00,1.67
9/9/2023 6:00,1,5.83,5.61,6.05,3.3,2.22,4.91,-2.51,-3.63,-1.32,-3.87,-5.05,-2.38,323.56,309.95,337.09,-42.01,-58.36,-24.06,2.31,1.2,3.44,365.2,329.1,372.2,82018,9347,127689,9/9/2023,06:00:00,1.0
9/9/2023 9:00,1,5.89,5.44,6.18,3.15,2.45,4.59,0.33,-0.65,4.11,-4.81,-5.62,0.01,14.66,0.27,359.38,-54.06,-66.26,0.15,3.35,1.74,3.84,370.2,365.9,378.9,86053,45705,119563,9/9/2023,09:00:00,2.0
9/9/2023 12:00,1,5.97,5.28,6.56,2.91,-1.96,5.21,-1.38,-4.04,3.05,-4.48,-5.81,-2.15,335.82,26.35,354.61,-50.96,-75.68,-22.38,5.63,2.37,8.84,382.6,376.8,400.1,75813,38705,116586,9/9/2023,12:00:00,2.67
9/9/2023 15:00,1,6.36,5.61,6.83,5.92,5.42,6.78,0.89,-1.25,2.97,-0.66,-2.16,1.54,7.64,2.85,358.66,-6.2,-19.8,13.68,3.04,1.36,3.87,373.2,353.8,427.0,119072,21327,138027,9/9/2023,15:00:00,2.67
9/9/2023 18:00,1,4.49,4.2,5.68,1.93,0.55,2.88,2.8,2.05,4.04,3.05,1.12,3.72,55.93,40.51,80.73,41.63,15.16,47.25,10.47,9.71,11.62,381.8,379.0,383.2,48201,36544,68041,9/9/2023,18:00:00,0.33
9/9/2023 21:00,1,4.22,3.99,4.4,2.05,1.57,2.99,-0.22,-1.84,0.85,3.52,2.68,4.04,354.88,0.55,358.11,59.78,38.61,68.75,8.27,7.2,8.86,360.7,356.2,363.3,42596,35092,46566,9/9/2023,21:00:00,0.67
9/10/2023 0:00,1,5.99,5.53,6.29,2.54,0.31,3.79,-4.52,-5.21,-1.16,2.74,1.46,4.96,303.5,273.66,329.03,27.06,15.25,65.5,2.38,1.13,3.82,348.2,332.4,365.9,40116,5852,102054,9/10/2023,00:00:00,2.0
9/10/2023 3:00,1,6.32,6.09,6.47,4.71,3.56,5.19,-1.81,-2.71,-1.11,3.86,3.17,4.5,338.81,325.5,347.97,37.35,30.87,47.3,1.66,0.99,2.42,407.5,397.1,443.4,55840,20999,172367,9/10/2023,03:00:00,0.67
9/10/2023 6:00,1,5.47,5.37,5.94,5.08,4.82,5.48,-1.58,-2.74,0.28,1.38,0.97,1.67,343.42,3.19,352.77,14.73,10.06,18.11,2.1,1.7,2.78,398.2,396.0,434.7,70292,30528,256612,9/10/2023,06:00:00,0.67
9/10/2023 9:00,1,5.34,4.99,5.72,3.96,3.21,4.6,-3.08,-3.58,-2.4,1.76,0.9,3.4,321.32,311.89,329.82,19.93,9.87,36.93,1.91,1.13,2.8,323.1,312.1,427.6,18043,11729,139431,9/10/2023,09:00:00,0.67
9/10/2023 12:00,1,5.8,5.75,5.9,3.99,3.47,4.68,-3.75,-4.23,-2.93,1.9,1.36,2.29,317.42,309.36,327.8,19.24,13.53,22.97,2.35,1.92,3.17,318.8,314.5,321.0,16802,13671,20465,9/10/2023,12:00:00,0.67
9/10/2023 15:00,1,5.64,5.5,5.97,4.96,0.69,5.68,-1.89,-3.92,-0.21,-0.04,-5.43,1.55,336.77,314.02,356.66,-0.4,-82.44,15.6,2.71,2.01,4.13,315.0,310.1,352.0,17305,14176,48031,9/10/2023,15:00:00,1.33
9/10/2023 18:00,1,5.2,4.96,5.38,3.97,1.78,4.49,-3.13,-4.58,1.92,1.13,-1.9,3.0,324.18,21.17,357.09,12.33,-22.53,39.19,2.09,1.54,2.44,322.1,311.9,346.2,15018,12962,44445,9/10/2023,18:00:00,1.0
9/10/2023 21:00,1,4.99,3.66,5.54,-0.56,-2.17,1.34,4.72,2.69,5.18,-0.37,-1.49,1.84,98.26,70.83,121.15,-4.11,-17.49,29.16,4.14,3.66,4.81,355.1,348.9,363.5,51337,20259,86527,9/10/2023,21:00:00,1.33
9/11/2023 0:00,1,7.49,7.22,7.83,3.43,2.75,4.24,-6.6,-7.06,-6.08,-0.92,-2.45,0.8,297.53,292.38,304.87,-7.06,-19.85,6.33,4.85,4.07,5.73,366.4,357.1,368.8,60513,53987,81418,9/11/2023,00:00:00,2.33
9/11/2023 3:00,1,8.29,7.63,8.58,3.48,-0.25,4.06,-6.57,-7.36,-4.98,3.53,1.2,5.76,294.1,267.11,302.02,25.42,8.21,47.42,7.12,6.1,9.38,375.0,370.8,379.2,50637,42290,54810,9/11/2023,03:00:00,1.67
9/11/2023 6:00,1,7.57,6.93,7.94,1.19,-0.74,3.77,-5.71,-7.89,-3.93,4.19,-3.46,6.29,280.54,259.3,313.56,34.68,-27.13,56.73,6.5,4.96,7.41,399.4,387.9,405.6,86066,57806,94797,9/11/2023,06:00:00,1.67
9/11/2023 9:00,1,6.17,5.66,6.66,4.2,-0.89,6.01,-1.27,-5.89,1.76,2.01,-4.1,3.55,337.18,2.3,359.53,18.85,-43.2,38.96,4.11,2.45,7.65,392.4,388.3,413.7,57602,33106,88410,9/11/2023,09:00:00,1.67
9/11/2023 12:00,1,5.51,4.96,5.95,0.59,-3.5,2.72,-3.52,-5.09,0.14,3.25,0.16,5.61,285.11,41.4,311.27,42.09,1.76,87.51,5.98,5.24,7.34,403.8,398.8,423.9,81674,73191,97137,9/11/2023,12:00:00,2.0
9/11/2023 15:00,1,5.67,5.46,6.06,3.56,0.9,5.39,0.4,-5.36,3.38,3.33,0.3,4.92,1.51,4.64,358.35,34.23,3.35,56.13,3.87,1.92,5.69,390.7,383.6,404.5,51428,36355,115005,9/11/2023,15:00:00,1.67
9/11/2023 18:00,1,7.05,6.74,7.26,1.73,-0.48,5.12,-6.27,-7.0,-0.83,2.08,-2.7,4.39,289.42,265.49,350.73,16.68,-21.85,38.87,5.53,3.31,6.54,406.0,385.1,418.6,84578,43571,113365,9/11/2023,18:00:00,1.67
9/11/2023 21:00,1,7.46,7.06,7.54,4.02,2.82,4.94,-5.8,-6.73,-3.57,1.44,-1.15,5.54,304.85,293.79,314.53,11.36,-9.31,49.84,4.25,3.37,5.0,398.6,385.8,403.1,84574,56283,103663,9/11/2023,21:00:00,2.0
9/12/2023 0:00,1,6.38,6.2,6.69,3.11,2.71,3.34,-5.52,-5.87,-5.36,-0.69,-0.89,0.08,299.26,295.24,301.85,-6.19,-7.97,0.72,10.99,10.37,11.4,387.0,384.3,387.9,14438,10715,14902,9/12/2023,00:00:00,1.67
9/12/2023 3:00,1,6.6,6.45,6.73,4.35,3.84,4.88,-4.66,-5.36,-4.37,1.35,0.14,1.82,312.42,305.65,317.75,11.89,1.23,16.15,6.69,6.45,7.31,370.7,368.6,377.0,8307,7929,10430,9/12/2023,03:00:00,1.0
9/12/2023 6:00,1,6.35,5.98,6.6,3.96,2.8,5.07,-4.45,-4.74,-4.0,1.49,0.31,3.7,312.03,301.82,320.65,14.44,2.74,34.21,8.33,7.15,9.67,371.0,365.4,375.8,9105,7272,12544,9/12/2023,06:00:00,1.33
9/12/2023 9:00,1,5.56,4.27,6.56,3.76,2.83,4.41,-3.94,-4.84,-2.61,-1.17,-2.72,1.83,314.42,309.97,320.49,-11.59,-24.7,25.04,7.74,6.55,11.77,351.1,345.5,360.0,14530,8251,34577,9/12/2023,09:00:00,3.0
9/12/2023 12:00,1,17.73,15.09,19.58,1.29,0.49,12.17,-13.91,-18.05,-8.03,-8.27,-13.51,0.69,284.56,271.57,326.59,-30.96,-44.29,2.18,41.53,34.67,51.62,409.5,375.4,414.2,44234,30811,75026,9/12/2023,12:00:00,5.33
9/12/2023 15:00,1,15.6,15.18,17.49,0.0,-0.91,1.04,8.29,7.51,9.07,-13.23,-15.31,-12.68,89.59,82.15,96.44,-57.73,-63.08,-54.42,18.52,15.17,23.18,355.7,352.1,371.6,44369,40428,54693,9/12/2023,15:00:00,5.67
9/12/2023 18:00,1,12.93,11.85,13.51,-3.29,-4.58,-2.61,6.95,6.05,8.83,-9.8,-11.51,-8.47,115.79,112.17,121.13,-53.32,-58.94,-41.07,10.23,8.49,12.74,347.3,339.8,351.0,34329,29712,40899,9/12/2023,18:00:00,3.33
9/12/2023 21:00,1,12.32,11.82,13.26,-1.83,-3.64,3.98,9.62,6.71,11.63,-7.21,-10.78,-2.92,93.39,60.97,115.86,-36.22,-56.77,-13.78,9.51,7.79,12.19,369.6,365.1,381.0,42042,37254,51596,9/12/2023,21:00:00,4.0
9/13/2023 0:00,1,12.17,9.01,12.79,-7.89,-8.97,-5.32,3.03,-6.96,8.75,-8.1,-8.98,-1.82,165.01,121.32,219.44,-42.07,-45.6,-9.43,16.8,11.14,21.8,396.3,393.0,408.4,64678,58877,83261,9/13/2023,00:00:00,4.67
9/13/2023 3:00,1,8.61,7.58,9.22,4.06,1.29,6.46,7.23,5.67,8.44,-0.34,-2.42,2.52,59.84,41.42,81.33,-2.27,-16.14,18.37,6.66,5.1,7.93,418.9,401.9,431.6,95562,70035,129035,9/13/2023,03:00:00,3.67
9/13/2023 6:00,1,8.02,3.79,8.66,3.9,1.44,5.21,6.66,2.97,7.63,-0.81,-2.68,-0.07,58.77,44.69,70.97,-6.58,-18.24,-0.96,11.72,9.96,15.35,430.6,417.7,437.5,75153,67537,85036,9/13/2023,06:00:00,2.67
9/13/2023 9:00,1,7.17,6.25,8.44,5.36,1.08,6.57,5.13,3.02,6.08,0.42,-2.57,1.76,47.72,24.71,79.94,3.25,-24.27,14.22,8.49,7.4,9.95,431.5,422.0,435.7,78319,70187,90797,9/13/2023,09:00:00,2.67
9/13/2023 12:00,1,7.09,5.39,7.59,-4.38,-5.28,-3.37,-3.11,-5.17,0.43,-4.36,-5.46,-1.79,214.98,174.15,236.9,-37.57,-48.15,-16.15,5.56,4.98,6.09,437.5,424.6,445.8,120748,112730,174278,9/13/2023,12:00:00,3.0
9/13/2023 15:00,1,6.74,5.12,7.82,-0.34,-2.8,3.85,3.58,-1.33,7.21,-3.62,-7.08,4.65,100.93,36.63,211.69,-30.57,-71.99,43.0,5.59,4.22,7.77,428.0,413.2,437.4,110178,86643,136636,9/13/2023,15:00:00,3.0
9/13/2023 18:00,1,5.62,5.13,5.91,-0.38,-2.17,2.46,3.89,3.46,4.89,-3.69,-4.08,-1.35,94.34,63.11,122.04,-43.32,-46.68,-13.92,6.01,5.52,6.89,424.0,416.4,437.4,95585,86079,127204,9/13/2023,18:00:00,2.0
9/13/2023 21:00,1,7.08,6.88,7.2,-5.59,-6.07,-4.22,1.14,-1.13,3.25,-4.16,-4.5,-3.82,165.08,142.72,191.14,-36.01,-40.69,-32.2,3.78,3.32,4.36,413.1,406.2,418.4,109734,83263,120263,9/13/2023,21:00:00,3.0
9/14/2023 0:00,1,8.59,7.81,8.82,-6.82,-7.46,-5.49,-1.0,-2.23,0.36,-4.86,-5.97,-2.99,188.58,176.76,200.82,-34.69,-43.22,-21.37,5.08,4.52,5.52,409.5,402.3,414.4,116244,96714,126822,9/14/2023,00:00:00,4.33
9/14/2023 3:00,1,9.68,9.02,10.07,-6.44,-7.45,-4.35,6.55,1.96,7.76,-3.06,-5.28,5.23,135.27,121.29,164.33,-18.48,-33.09,35.78,6.92,5.51,8.53,420.5,413.8,431.4,127031,115435,146439,9/14/2023,03:00:00,2.67
9/14/2023 6:00,1,6.02,4.42,9.22,-2.78,-4.86,5.94,-4.27,-5.64,7.26,0.57,-5.33,3.94,234.65,26.51,265.17,5.65,-39.62,53.23,14.27,9.6,16.77,459.4,443.6,480.6,107802,61168,170306,9/14/2023,06:00:00,3.0
9/14/2023 9:00,1,6.9,6.37,7.63,-3.88,-4.58,-3.28,-4.28,-5.63,-3.16,3.59,3.19,4.25,227.49,215.48,235.55,31.9,26.12,37.95,11.28,10.19,12.05,466.6,447.9,473.4,162127,62664,204647,9/14/2023,09:00:00,2.0
9/14/2023 12:00,1,5.23,4.24,6.65,0.26,-0.85,2.45,-3.96,-4.65,-3.18,3.17,1.77,5.02,275.49,257.88,300.71,41.95,21.73,50.81,10.63,10.0,11.45,486.7,478.4,491.1,165585,131859,201328,9/14/2023,12:00:00,1.67
9/14/2023 15:00,1,9.74,9.33,10.03,-2.45,-4.84,4.91,-6.52,-9.31,-4.2,6.75,2.21,7.93,254.83,224.61,304.47,44.19,13.82,53.0,11.59,9.6,12.79,516.7,474.6,524.7,239179,168486,258639,9/14/2023,15:00:00,2.33
9/14/2023 18:00,1,6.87,3.67,10.8,4.61,-3.07,7.68,-1.91,-6.84,2.52,-1.92,-8.74,3.52,327.05,4.39,350.11,-28.18,-60.35,44.02,18.88,10.3,23.56,502.8,491.7,523.7,123329,111635,209229,9/14/2023,18:00:00,4.0
9/14/2023 21:00,1,7.41,4.86,10.01,1.13,-1.89,7.17,-4.23,-7.57,0.08,4.53,-2.27,6.35,282.37,177.52,316.1,54.09,-13.35,75.18,14.17,9.56,22.26,491.9,487.1,516.6,133957,71519,224513,9/14/2023,21:00:00,4.33
9/15/2023 0:00,1,8.2,7.96,8.34,3.88,0.72,6.43,-7.13,-8.11,-4.81,1.19,-1.37,2.92,296.98,275.08,323.18,8.41,-9.66,21.36,8.36,6.67,8.68,484.9,456.6,498.0,200948,155156,235521,9/15/2023,00:00:00,2.67
9/15/2023 3:00,1,7.89,7.67,8.21,4.18,3.59,4.63,-6.0,-6.89,-5.5,2.86,2.33,3.52,304.5,298.19,308.9,21.43,16.77,27.24,6.54,6.38,6.89,458.5,451.1,467.9,171543,164674,190287,9/15/2023,03:00:00,2.0
9/15/2023 6:00,1,7.87,7.62,8.02,3.81,2.35,4.48,-2.71,-3.94,-1.14,6.42,4.86,7.18,326.81,310.07,343.64,54.3,39.62,69.5,6.57,6.39,8.03,454.9,453.0,473.2,171148,162771,251720,9/15/2023,06:00:00,1.0
9/15/2023 9:00,1,6.6,6.43,6.74,1.26,-0.27,2.94,0.73,-2.02,2.25,6.27,5.78,6.55,29.6,2.67,356.79,74.89,63.31,81.96,7.67,6.46,7.87,479.1,457.9,486.1,231117,170275,258711,9/15/2023,09:00:00,0.33
9/15/2023 12:00,1,5.74,5.1,5.89,1.48,0.43,3.46,-3.08,-5.0,0.31,4.6,-4.2,5.76,312.16,0.39,343.89,53.17,-50.83,83.19,7.77,6.37,8.44,473.9,454.7,492.6,220310,150780,252299,9/15/2023,12:00:00,1.67
9/15/2023 15:00,1,5.46,4.98,5.79,-0.47,-1.34,3.12,-5.21,-5.66,-2.63,1.0,-2.19,4.44,270.55,255.16,312.08,10.06,-26.44,57.67,7.85,4.24,8.15,491.1,448.0,495.4,246523,110574,266230,9/15/2023,15:00:00,2.0
9/15/2023 18:00,1,4.7,4.62,4.82,4.4,3.66,4.68,-1.41,-2.91,0.27,-0.46,-2.03,0.02,341.47,3.39,353.67,-5.51,-26.33,0.24,4.6,3.63,6.75,440.0,437.4,458.0,137358,106575,265444,9/15/2023,18:00:00,1.33
9/15/2023 21:00,1,5.16,4.87,5.26,5.1,4.52,5.2,-0.45,-1.68,-0.08,0.33,-0.16,1.4,354.11,339.62,359.02,3.64,-1.84,16.34,4.97,3.49,6.53,436.4,432.5,440.8,147034,114914,171693,9/15/2023,21:00:00,2.67
9/16/2023 0:00,1,5.39,5.28,5.57,1.42,-0.19,4.1,-3.07,-3.77,0.34,4.21,0.79,5.42,301.84,77.31,321.51,51.18,8.56,86.42,5.38,3.37,6.05,449.5,426.9,466.4,140988,67213,213435,9/16/2023,00:00:00,2.0
9/16/2023 3:00,1,5.26,5.16,5.36,2.88,2.32,3.4,-2.67,-3.44,-1.13,3.45,2.12,4.33,320.63,304.6,340.19,41.74,23.64,54.37,3.71,3.27,4.11,432.3,426.8,437.7,99969,79306,109256,9/16/2023,03:00:00,0.67
9/16/2023 6:00,1,4.63,4.55,4.81,4.15,3.63,4.38,-1.88,-2.36,-1.59,-1.2,-1.73,0.42,335.31,327.89,340.1,-14.93,-22.05,5.23,3.27,2.88,6.01,417.4,414.0,431.3,103936,96017,327177,9/16/2023,06:00:00,1.0
9/16/2023 9:00,1,4.13,3.9,4.29,3.8,3.0,4.1,-1.26,-2.19,0.86,-1.01,-2.24,1.59,344.45,5.56,355.58,-13.87,-33.51,22.58,4.69,2.38,5.66,434.2,421.0,462.6,278936,90968,315798,9/16/2023,09:00:00,1.0
9/16/2023 12:00,1,4.63,3.19,4.86,1.23,-1.24,3.82,1.2,-0.5,3.93,-2.9,-4.55,-0.39,59.37,31.83,347.51,-66.49,-78.91,-6.64,4.63,3.74,6.79,424.8,414.1,439.6,92304,62231,307651,9/16/2023,12:00:00,0.67
9/16/2023 15:00,1,4.54,4.36,4.71,1.83,-0.7,2.92,-0.17,-3.13,0.94,-3.97,-4.33,-3.38,349.37,1.17,359.97,-62.16,-75.11,-46.5,3.88,2.85,6.0,413.3,408.0,428.4,82987,66658,339158,9/16/2023,15:00:00,1.33
9/16/2023 18:00,1,4.73,4.62,4.98,1.48,0.29,2.77,0.56,-1.13,1.23,-4.49,-4.92,-3.59,9.98,9.26,352.62,-71.37,-82.77,-50.27,4.4,3.41,4.87,410.7,406.0,417.1,73515,63470,177490,9/16/2023,18:00:00,3.0
9/16/2023 21:00,1,5.34,4.31,6.1,4.72,2.53,5.09,-2.61,-3.24,1.29,1.34,-3.14,2.19,334.06,26.96,352.11,14.65,-47.89,21.44,3.66,3.2,4.32,405.8,402.9,412.6,85068,72577,108802,9/16/2023,21:00:00,2.67
9/17/2023 0:00,1,5.19,4.78,5.55,3.36,2.73,4.52,-3.49,-4.49,-2.91,0.15,-2.02,1.72,313.5,302.47,325.81,1.69,-23.96,18.72,5.05,3.92,5.45,433.1,421.0,436.3,100740,87935,122128,9/17/2023,00:00:00,3.33
9/17/2023 3:00,1,6.78,3.88,9.06,-0.08,-5.94,5.08,-4.19,-6.75,-0.49,4.38,-0.46,6.54,267.58,210.22,354.49,47.93,-2.93,69.95,16.2,14.17,17.36,470.5,464.2,505.9,187718,156461,211438,9/17/2023,03:00:00,3.67
9/17/2023 6:00,1,6.29,4.14,7.04,-2.5,-5.45,0.74,-1.1,-4.76,2.27,5.26,-0.35,6.15,204.04,119.66,290.04,60.72,-3.13,84.5,14.65,13.79,15.39,461.5,457.8,464.9,210703,193887,218979,9/17/2023,06:00:00,3.0
9/17/2023 9:00,1,8.17,6.88,9.2,1.35,-0.15,2.89,-6.64,-7.56,-5.15,4.25,1.88,6.93,282.91,268.78,296.3,31.44,14.12,53.32,10.36,9.15,10.97,475.9,463.2,481.4,205447,161226,221272,9/17/2023,09:00:00,3.33
9/17/2023 12:00,1,5.17,4.16,5.8,-1.98,-3.9,0.73,-4.38,-5.21,0.57,-1.83,-4.04,3.51,237.73,169.62,279.54,-20.82,-51.98,39.06,9.54,8.84,10.46,471.6,457.8,482.4,191750,137322,212158,9/17/2023,12:00:00,2.67
9/17/2023 15:00,1,4.27,3.45,4.44,-0.2,-1.0,0.61,-4.13,-4.42,-3.36,-0.11,-1.71,0.89,267.15,255.54,279.23,-1.74,-23.22,12.65,7.3,7.08,7.5,446.2,439.6,451.2,130371,115463,155923,9/17/2023,15:00:00,2.67
9/17/2023 18:00,1,6.17,5.89,6.39,0.6,-0.97,2.26,-6.04,-6.31,-5.6,0.35,-1.52,1.68,275.69,260.47,291.99,3.44,-14.41,15.62,8.28,7.72,8.79,452.9,446.1,456.0,160013,148850,172528,9/17/2023,18:00:00,3.33
9/17/2023 21:00,1,6.49,6.32,6.91,-1.22,-2.47,2.82,-6.07,-6.7,-4.26,0.4,-4.76,3.18,260.52,247.52,301.13,3.56,-47.07,30.19,8.93,8.36,9.27,444.7,426.6,449.9,112839,87012,125336,9/17/2023,21:00:00,3.0
9/18/2023 0:00,1,6.7,5.92,7.76,1.78,1.14,2.89,-1.15,-3.28,4.72,-6.24,-7.21,-4.18,346.75,53.87,337.87,-67.25,-74.72,-38.58,9.05,7.19,10.45,429.6,420.6,433.8,66122,59463,74304,9/18/2023,00:00:00,4.67
9/18/2023 3:00,1,8.92,8.74,9.12,1.36,0.3,1.95,-7.78,-8.38,-7.5,-3.96,-4.62,-3.13,279.34,272.05,284.59,-26.57,-30.63,-20.53,8.58,7.35,9.12,430.2,426.5,433.1,11190,9204,14189,9/18/2023,03:00:00,4.0
9/18/2023 6:00,1,9.92,9.79,10.02,-0.9,-1.34,-0.26,-9.88,-10.01,-9.74,-0.11,-0.74,0.52,265.15,262.26,268.5,-0.61,-4.31,3.01,7.12,6.5,8.32,432.4,425.6,438.7,13333,8829,62923,9/18/2023,06:00:00,2.67
9/18/2023 9:00,1,9.79,9.68,9.95,-1.61,-2.29,-0.84,-9.54,-9.7,-9.11,1.55,1.1,3.04,260.78,255.88,265.03,9.08,6.5,17.93,5.19,4.68,5.8,432.2,420.7,437.9,45293,34824,100066,9/18/2023,09:00:00,2.0
9/18/2023 12:00,1,9.05,8.68,9.38,-0.92,-2.39,-0.05,-8.68,-9.1,-8.16,2.18,0.66,3.19,263.59,253.85,269.66,13.81,4.16,20.49,6.4,5.91,7.36,424.3,416.9,432.1,37930,18300,53725,9/18/2023,12:00:00,4.33
9/18/2023 15:00,1,21.32,19.93,22.15,-0.17,-5.75,1.61,-20.11,-21.78,-14.86,-2.01,-5.61,14.82,264.95,252.46,274.5,-5.71,-14.78,44.15,17.62,15.54,19.28,549.6,536.3,564.7,133236,69851,283235,9/18/2023,15:00:00,4.67
9/18/2023 18:00,1,16.7,15.46,17.0,-3.53,-7.18,-0.65,-14.16,-15.57,-7.78,-8.31,-13.81,-2.21,254.51,244.28,266.84,-29.93,-58.52,-7.51,15.64,12.04,17.34,539.6,509.7,548.1,460341,315569,545425,9/18/2023,18:00:00,5.0
9/18/2023 21:00,1,15.87,13.88,16.74,-5.27,-8.77,-1.08,-6.49,-13.46,2.09,12.91,-5.05,16.49,227.94,117.38,253.34,54.26,-20.93,82.36,2.07,0.26,4.05,499.9,485.3,552.7,104985,5000,175070,9/18/2023,21:00:00,4.33
9/19/2023 0:00,1,14.07,12.61,15.17,-11.15,-12.14,2.64,-5.45,-9.17,5.08,-6.3,-13.43,4.1,185.63,57.96,217.43,-26.03,-81.53,15.8,11.73,0.1,13.01,599.4,538.2,615.0,318199,5000,729125,9/19/2023,00:00:00,5.67
9/19/2023 3:00,1,7.71,6.27,8.4,2.74,-4.11,5.7,2.53,-1.98,3.54,-6.64,-7.5,4.52,45.46,5.33,352.91,-59.38,-69.38,43.89,0.2,0.16,5.79,610.5,480.4,610.6,5000,5000,405514,9/19/2023,03:00:00,6.67
9/19/2023 6:00,1,6.42,4.65,6.86,-5.03,-5.54,-2.82,-1.91,-4.8,1.25,-3.51,-4.78,-0.41,197.2,165.36,232.34,-33.2,-47.46,-3.87,12.27,11.7,13.05,568.5,553.5,574.4,552919,352614,720678,9/19/2023,06:00:00,4.33
9/19/2023 9:00,1,8.39,8.23,8.91,4.21,3.12,6.46,7.35,4.86,8.09,-0.75,-2.45,0.53,56.17,37.37,68.21,-4.91,-17.01,3.62,12.09,5.91,13.5,574.9,566.8,605.2,708036,258156,945544,9/19/2023,09:00:00,4.33
9/19/2023 12:00,1,5.12,4.57,7.49,1.13,-1.63,2.97,2.95,-1.83,4.82,-0.09,-7.21,4.03,42.96,16.66,358.63,-1.1,-78.03,53.06,11.06,1.8,15.35,602.8,573.3,610.7,86872,26843,782572,9/19/2023,12:00:00,5.33
9/19/2023 15:00,1,8.32,4.74,8.69,-2.02,-3.98,2.06,6.36,-4.04,6.94,-4.75,-5.82,5.98,115.78,98.34,307.49,-34.58,-42.14,61.78,11.94,4.77,17.05,558.2,554.8,566.5,375560,54504,522306,9/19/2023,15:00:00,5.33
9/19/2023 18:00,1,7.79,6.21,8.11,-1.6,-3.52,1.6,7.41,5.13,7.95,-0.71,-2.42,2.08,100.09,77.8,121.88,-5.2,-17.68,15.83,11.41,10.77,16.49,554.7,546.6,565.7,172843,96976,286009,9/19/2023,18:00:00,3.67
9/19/2023 21:00,1,6.52,5.88,7.37,-2.04,-3.18,-0.43,4.26,1.9,6.97,4.37,1.04,5.83,115.88,93.53,134.92,40.42,8.56,66.13,11.41,10.69,11.89,546.6,521.7,561.1,470182,296122,553780,9/19/2023,21:00:00,3.0
9/20/2023 0:00,1,7.02,6.2,7.16,-4.66,-5.15,-3.5,5.16,4.54,5.72,-0.17,-0.44,0.04,131.56,124.58,137.43,-1.43,-3.61,0.3,10.69,9.79,11.38,564.7,554.6,574.1,411464,279785,564769,9/20/2023,00:00:00,3.67
9/20/2023 3:00,1,5.27,4.44,6.18,-3.95,-4.65,-3.31,3.49,-0.67,4.45,0.74,0.28,2.16,145.87,127.44,189.26,7.98,3.06,27.43,11.04,10.32,12.78,550.8,545.9,553.9,178558,93107,338080,9/20/2023,03:00:00,3.33
9/20/2023 6:00,1,10.51,10.06,10.9,-4.67,-6.01,-3.51,9.39,8.7,10.1,-0.45,-1.65,0.53,116.38,109.35,124.01,-2.48,-9.28,3.0,10.48,9.99,11.31,535.3,532.7,541.4,138922,117122,218574,9/20/2023,06:00:00,3.67
9/20/2023 9:00,1,5.81,5.32,6.22,-2.72,-3.41,-2.28,4.41,3.19,5.37,-2.76,-4.19,-0.63,122.22,117.02,134.79,-28.36,-45.11,-5.85,9.78,9.11,10.85,527.4,521.2,536.2,131363,74290,180216,9/20/2023,09:00:00,3.0
9/20/2023 12:00,1,3.48,2.56,4.46,-0.89,-3.08,0.4,3.34,2.03,3.67,-0.01,-0.72,0.97,107.58,83.37,135.16,-0.14,-11.86,12.59,12.62,11.2,13.5,507.8,503.5,517.5,55325,47282,81115,9/20/2023,12:00:00,2.33
9/20/2023 15:00,1,6.11,5.93,6.23,-5.61,-5.8,-5.53,0.97,-0.06,1.65,2.15,1.5,2.46,171.79,163.6,180.63,20.89,14.28,23.5,13.36,12.4,15.27,485.8,481.3,494.8,16027,15184,51117,9/20/2023,15:00:00,2.0
9/20/2023 18:00,1,3.28,2.79,3.48,2.46,0.86,3.12,1.41,0.3,3.19,-0.9,-1.61,0.06,32.97,5.65,74.92,-17.17,-35.2,0.99,15.33,14.35,16.39,488.4,476.4,492.0,56682,34152,92236,9/20/2023,18:00:00,3.0
9/20/2023 21:00,1,2.15,1.44,3.03,1.4,0.72,2.24,-1.0,-2.13,0.3,-0.46,-2.14,0.48,329.76,0.07,354.54,-12.51,-45.1,14.84,16.39,15.46,16.95,469.6,466.2,473.8,12045,11735,18878,9/20/2023,21:00:00,3.67
9/21/2023 0:00,1,2.31,2.24,2.43,1.86,1.18,2.31,0.98,0.16,1.4,1.05,0.35,1.39,26.97,4.1,49.77,27.03,8.82,37.27,11.39,10.76,11.88,444.6,443.1,448.6,16018,11265,17517,9/21/2023,00:00:00,2.67
9/21/2023 3:00,1,1.41,1.11,1.65,1.01,0.73,1.28,-0.55,-0.85,0.27,0.76,0.14,1.29,335.94,4.65,358.04,34.97,6.75,51.89,11.23,10.15,12.18,435.9,432.9,437.4,21155,18185,26288,9/21/2023,03:00:00,2.67
9/21/2023 6:00,1,4.76,4.69,4.86,-2.51,-2.84,-1.83,3.69,3.39,4.15,1.65,0.37,2.21,123.39,113.73,128.27,20.23,4.58,27.11,4.99,4.58,5.23,457.9,444.5,465.9,155498,102983,171516,9/21/2023,06:00:00,2.33
9/21/2023 9:00,1,3.95,3.34,4.51,-2.87,-4.02,-1.13,1.27,-0.37,2.86,1.96,1.45,3.18,154.78,111.64,186.56,29.94,23.11,64.31,6.46,6.01,6.77,436.5,432.3,444.3,92275,73811,109115,9/21/2023,09:00:00,1.67
9/21/2023 12:00,1,3.97,3.21,4.34,-0.79,-1.7,1.94,1.07,-0.81,3.27,-3.37,-3.97,-1.79,97.96,18.46,207.92,-60.21,-74.42,-26.88,6.78,6.17,7.28,433.2,426.2,445.5,84734,64931,106530,9/21/2023,12:00:00,2.33
9/21/2023 15:00,1,3.74,3.31,4.06,0.25,-1.47,4.03,-0.17,-2.04,3.05,-2.97,-3.82,-0.15,31.42,13.06,354.56,-53.03,-86.45,-2.1,6.38,6.14,6.98,430.2,420.6,450.6,70123,64359,130243,9/21/2023,15:00:00,2.67
9/21/2023 18:00,1,3.84,3.58,4.04,-3.37,-3.83,-2.18,0.37,-1.97,2.73,-1.36,-2.23,0.31,171.54,128.56,221.2,-19.89,-36.76,5.04,3.98,3.34,4.76,402.7,394.7,414.1,89321,74362,123931,9/21/2023,18:00:00,2.0
9/21/2023 21:00,1,3.87,3.52,4.06,-0.77,-2.48,1.73,-1.62,-3.51,2.08,-2.93,-3.92,-1.16,259.66,109.02,339.68,-53.79,-81.88,-17.93,3.79,2.88,4.28,414.1,402.5,425.8,62898,47114,96598,9/21/2023,21:00:00,2.33
9/22/2023 0:00,1,3.84,3.34,4.08,-1.2,-2.35,-0.4,-2.62,-3.58,-0.12,-2.47,-3.18,-1.37,236.68,184.57,262.34,-42.8,-64.06,-20.84,3.24,2.9,3.98,403.8,399.7,413.0,68151,57503,89864,9/22/2023,00:00:00,2.0
9/22/2023 3:00,1,3.8,3.49,4.19,-1.67,-2.77,-0.75,2.17,-1.06,3.52,-0.86,-3.34,3.33,137.56,110.9,234.82,-12.27,-72.51,72.3,3.91,2.87,4.44,400.7,391.2,403.6,68329,52802,80560,9/22/2023,03:00:00,1.33
9/22/2023 6:00,1,3.83,3.42,3.97,-2.65,-3.29,-1.81,1.8,0.3,2.69,-1.97,-2.63,-0.73,146.12,130.19,174.73,-31.34,-44.06,-12.4,3.13,2.67,4.19,391.4,388.3,400.7,60370,43726,94477,9/22/2023,06:00:00,2.67
9/22/2023 9:00,1,3.9,3.57,4.2,0.4,-1.37,1.04,2.69,-1.12,3.52,-2.6,-3.98,-1.15,75.13,26.1,331.93,-44.07,-82.1,-17.42,4.85,3.91,5.82,402.0,396.1,405.5,64641,59610,81944,9/22/2023,09:00:00,2.33
9/22/2023 12:00,1,3.96,3.6,4.38,1.01,-0.07,2.15,-0.08,-2.71,3.19,-3.46,-4.35,-2.26,11.55,5.24,358.39,-67.07,-88.81,-35.3,4.67,3.9,5.76,403.8,398.4,421.5,71643,64573,128573,9/22/2023,12:00:00,2.0
9/22/2023 15:00,1,4.5,4.31,4.97,0.81,0.06,2.06,0.16,-1.61,4.03,-4.45,-4.75,-0.88,15.26,9.04,351.37,-72.05,-83.55,-12.21,3.42,2.5,4.05,400.6,390.3,405.8,72733,56201,107490,9/22/2023,15:00:00,2.67
9/22/2023 18:00,1,4.06,2.67,4.38,0.95,-0.44,1.78,2.74,1.55,3.67,-2.56,-3.94,1.1,72.61,52.59,104.6,-40.51,-65.77,15.23,3.43,3.2,4.24,401.0,388.6,406.1,72689,42477,88199,9/22/2023,18:00:00,2.0
9/22/2023 21:00,1,5.15,5.03,5.31,4.67,3.9,4.96,0.89,0.46,2.48,-1.91,-2.14,-1.53,14.85,5.42,32.12,-21.38,-24.3,-17.37,4.78,4.29,5.6,416.0,408.1,426.4,70468,41092,147559,9/22/2023,21:00:00,2.0
9/23/2023 0:00,1,5.02,4.92,5.17,3.67,3.22,4.45,2.85,0.84,3.37,-1.84,-2.52,-1.28,33.44,11.13,45.6,-21.38,-30.15,-14.5,4.43,3.59,4.72,405.8,401.5,410.0,46187,43001,67786,9/23/2023,00:00:00,3.0
9/23/2023 3:00,1,4.37,4.24,4.55,-1.79,-3.12,0.01,0.45,-3.15,2.71,-3.19,-3.97,-2.5,161.92,106.91,270.25,-48.31,-68.64,-42.99,1.79,0.57,3.5,373.4,368.7,401.5,61790,33583,93644,9/23/2023,03:00:00,2.67
9/23/2023 6:00,1,5.72,5.13,5.87,-3.97,-4.79,-2.78,-3.69,-4.7,-1.28,-0.08,-3.93,1.62,222.31,202.91,239.35,-0.76,-50.12,17.39,2.19,1.84,3.54,348.2,344.2,367.3,30238,15671,63808,9/23/2023,06:00:00,2.0
9/23/2023 9:00,1,4.88,3.99,5.76,0.74,-0.64,2.05,-4.54,-5.2,-3.74,0.0,-3.77,2.14,278.35,260.62,293.51,-0.06,-43.37,22.6,2.89,2.24,3.93,370.6,362.0,376.5,48108,35408,58504,9/23/2023,09:00:00,2.67
9/23/2023 12:00,1,4.54,4.32,4.79,-2.65,-4.47,-0.68,1.79,1.0,3.07,-2.72,-4.01,-1.07,142.18,103.83,165.83,-38.66,-62.7,-13.06,1.03,0.41,3.45,340.5,321.5,466.5,11297,5000,192411,9/23/2023,12:00:00,2.33
9/23/2023 15:00,1,5.05,4.54,5.3,-4.6,-5.07,-3.1,-1.46,-3.16,2.3,-1.2,-1.97,-0.55,199.33,146.93,224.14,-13.5,-24.99,-5.97,3.22,3.14,3.46,465.3,464.4,466.9,204101,198492,212763,9/23/2023,15:00:00,1.33
9/23/2023 18:00,1,5.04,4.86,5.46,-3.34,-4.09,-0.96,0.55,-2.33,2.38,-3.63,-5.13,-2.58,168.49,129.63,218.51,-46.51,-78.57,-31.4,0.95,0.64,2.31,327.3,321.1,420.3,7602,5000,55157,9/23/2023,18:00:00,2.0
9/23/2023 21:00,1,5.05,4.93,5.24,-4.36,-4.65,-2.88,-0.65,-2.55,1.55,-2.39,-3.85,0.79,185.98,151.78,211.0,-28.56,-49.65,9.07,3.22,0.59,3.43,465.0,321.9,466.7,194446,6219,203958,9/23/2023,21:00:00,2.33
9/24/2023 0:00,1,4.57,4.49,4.65,-3.09,-3.47,-2.74,2.52,2.18,3.01,-2.2,-2.37,-1.78,140.54,132.3,147.88,-28.83,-31.52,-22.6,3.16,3.0,3.41,465.5,464.3,466.8,197155,191563,206442,9/24/2023,00:00:00,2.0
9/24/2023 3:00,1,4.66,4.58,4.74,0.5,0.16,0.98,1.93,1.45,2.34,-4.22,-4.45,-3.95,75.12,61.6,85.23,-64.45,-70.04,-58.3,3.73,2.15,5.41,319.6,302.9,466.7,16016,7706,202365,9/24/2023,03:00:00,2.0
9/24/2023 6:00,1,5.11,5.0,5.2,1.25,0.44,1.62,0.31,-0.39,1.31,-4.96,-5.11,-4.73,18.84,0.15,356.63,-75.75,-82.82,-69.03,4.36,3.86,4.96,335.7,333.3,337.2,10899,9865,11578,9/24/2023,06:00:00,2.0
9/24/2023 9:00,1,5.38,5.17,5.83,-2.83,-4.52,-2.05,2.21,-0.29,4.5,-3.87,-4.58,-2.43,141.9,114.49,183.65,-45.62,-57.28,-24.94,2.63,0.82,3.04,400.0,310.9,466.2,91808,5000,203862,9/24/2023,09:00:00,2.0
9/24/2023 12:00,1,4.61,4.5,4.89,-3.43,-3.91,-2.24,3.06,2.62,4.03,-0.45,-0.59,0.99,136.27,119.08,145.39,-5.23,-7.5,11.91,2.46,2.2,4.26,304.0,293.9,385.1,9977,7820,113577,9/24/2023,12:00:00,1.0
9/24/2023 15:00,1,4.89,4.8,4.94,-3.21,-3.56,-2.8,3.6,3.33,3.89,-0.59,-1.01,0.24,131.86,125.68,136.9,-6.9,-11.74,2.87,2.8,2.53,3.71,377.1,367.9,457.9,101907,87847,128576,9/24/2023,15:00:00,0.33
9/24/2023 18:00,1,6.7,6.35,7.43,-3.26,-4.08,-2.39,4.38,3.58,4.79,-4.18,-4.69,-2.9,126.94,116.86,137.67,-36.96,-42.58,-26.55,6.99,6.57,7.35,315.9,312.4,322.2,17274,14709,17965,9/24/2023,18:00:00,5.67
9/24/2023 21:00,1,18.1,15.66,24.34,3.37,-4.84,14.52,-4.21,-18.98,2.96,-15.58,-18.67,11.89,291.61,124.57,349.08,-72.72,-82.59,35.52,43.83,39.82,48.75,462.5,453.9,469.0,167508,143607,203567,9/24/2023,21:00:00,5.67
9/25/2023 0:00,1,17.18,11.48,17.88,-6.98,-8.95,-0.26,4.14,-9.23,8.87,-15.07,-15.98,6.64,151.94,117.1,268.38,-60.15,-68.83,35.72,27.99,24.99,29.43,450.4,442.6,454.7,206101,158828,287688,9/25/2023,00:00:00,5.33
9/25/2023 3:00,1,22.29,19.72,23.63,3.5,-0.37,5.4,-17.63,-23.1,-14.9,-1.26,-16.91,12.81,278.83,268.74,288.09,-3.25,-46.61,38.13,23.53,20.77,24.8,466.4,458.6,472.4,239887,192129,277536,9/25/2023,03:00:00,5.0
9/25/2023 6:00,1,30.17,24.53,30.95,-1.51,-4.75,2.15,-8.65,-24.48,4.56,28.07,-1.59,30.35,255.6,136.18,277.17,71.36,-3.7,83.77,16.43,11.27,22.41,472.8,463.1,487.3,56844,24004,227294,9/25/2023,06:00:00,3.33
9/25/2023 9:00,1,33.33,33.1,33.45,-8.53,-9.63,-6.53,26.64,25.86,28.27,17.7,15.87,19.42,107.5,103.09,109.75,32.22,28.49,35.59,9.91,7.98,10.74,462.8,457.7,481.2,15280,8467,26394,9/25/2023,09:00:00,3.33
9/25/2023 12:00,1,28.71,27.71,29.96,-4.59,-6.71,-3.34,27.51,26.45,28.57,7.2,5.92,8.73,99.48,96.92,104.08,14.42,11.84,17.21,24.33,21.05,29.07,460.0,443.5,464.5,41666,24696,70883,9/25/2023,12:00:00,3.67
9/25/2023 15:00,1,21.2,19.6,21.85,-3.3,-4.61,-2.09,19.19,17.86,19.98,8.07,7.15,8.93,99.62,96.23,103.74,22.18,20.23,24.98,17.95,12.56,21.9,432.3,421.1,445.8,53247,41943,87053,9/25/2023,15:00:00,2.33
9/25/2023 18:00,1,18.02,15.24,18.97,-7.91,-9.49,-6.98,14.41,11.39,15.59,6.33,4.22,11.55,120.12,116.01,124.88,21.96,13.15,39.76,17.17,14.47,19.7,465.3,456.2,469.5,73339,47111,215462,9/25/2023,18:00:00,2.33
9/25/2023 21:00,1,17.89,17.47,18.14,-8.88,-10.13,-7.03,15.58,14.25,16.26,0.84,-1.28,2.11,119.45,113.47,125.41,2.76,-4.06,6.69,9.54,8.01,13.22,458.1,452.9,464.8,62874,20184,134909,9/25/2023,21:00:00,2.0
9/26/2023 0:00,1,15.6,15.16,15.71,-5.96,-7.89,-2.35,14.14,13.37,15.18,0.79,-1.75,2.47,112.16,98.8,120.54,2.9,-6.51,9.09,6.76,5.44,7.98,451.6,443.7,477.0,107421,45416,154713,9/26/2023,00:00:00,3.33
9/26/2023 3:00,1,12.92,12.72,13.03,-4.26,-6.03,-2.44,11.99,11.05,12.23,-1.73,-5.82,0.48,109.17,101.94,118.08,-7.7,-27.04,2.14,3.13,2.79,4.77,434.8,420.3,466.7,71584,55950,324202,9/26/2023,03:00:00,4.33
9/26/2023 6:00,1,12.17,12.02,12.26,1.3,-0.08,2.36,6.17,5.41,7.04,-10.31,-10.92,-9.5,78.34,69.04,90.66,-58.19,-63.34,-51.97,7.79,5.11,8.56,468.4,444.6,477.4,406802,160486,478370,9/26/2023,06:00:00,4.67
9/26/2023 9:00,1,11.95,11.89,12.06,0.62,-0.49,1.03,4.07,3.13,7.78,-11.24,-11.5,-9.17,81.63,75.83,93.63,-69.52,-74.54,-49.63,5.74,5.57,6.47,470.7,467.4,472.5,232085,219849,238656,9/26/2023,09:00:00,5.33
9/26/2023 12:00,1,6.39,3.63,8.49,-3.52,-4.45,-0.96,3.61,0.92,4.86,3.49,-1.98,7.01,131.63,106.12,144.01,44.33,-26.03,68.86,11.05,5.48,13.39,467.5,455.5,484.1,155737,104148,287484,9/26/2023,12:00:00,5.33
9/26/2023 15:00,1,1.71,0.92,2.42,-0.44,-1.92,0.17,-0.88,-1.67,0.42,-1.25,-1.83,0.48,236.1,167.6,275.75,-47.38,-58.03,17.14,11.27,10.37,11.77,514.0,507.6,522.0,197781,159493,211902,9/26/2023,15:00:00,3.67
9/26/2023 18:00,1,2.77,2.61,3.01,2.32,2.05,2.77,-0.11,-0.44,0.08,-1.39,-1.68,-1.05,356.19,0.22,359.99,-31.62,-38.58,-21.53,10.23,9.42,10.47,516.3,511.0,530.0,428682,362838,449286,9/26/2023,18:00:00,3.33
9/26/2023 21:00,1,3.58,3.49,3.76,2.31,1.65,2.56,-1.62,-1.85,-1.45,-2.33,-2.65,-2.11,323.71,316.92,327.11,-40.33,-49.49,-35.1,9.7,9.54,10.2,508.9,507.1,528.9,367789,355962,393385,9/26/2023,21:00:00,3.33
9/27/2023 0:00,1,2.36,2.0,2.9,-1.72,-2.48,-0.96,-1.1,-2.08,-0.76,-0.74,-1.83,1.25,213.34,197.41,234.06,-16.42,-44.44,27.76,10.14,9.51,10.87,498.1,491.6,503.9,119394,83974,246224,9/27/2023,00:00:00,4.0
9/27/2023 3:00,1,4.97,2.0,5.58,0.82,0.2,1.34,-2.21,-3.65,-0.03,3.81,0.9,5.42,292.42,275.54,358.48,56.62,27.44,78.4,8.31,7.29,10.24,488.4,480.7,494.5,132023,87646,167086,9/27/2023,03:00:00,3.0
9/27/2023 6:00,1,4.96,4.57,5.41,-0.11,-0.89,1.34,4.12,3.75,4.72,-2.69,-3.13,-1.77,91.98,74.19,103.12,-32.54,-39.11,-19.81,9.53,8.5,12.66,473.7,466.0,484.7,67871,31947,177404,9/27/2023,06:00:00,3.33
9/27/2023 9:00,1,4.69,1.05,5.11,0.89,-2.78,1.99,4.47,0.91,4.96,0.13,-1.99,0.88,84.53,27.63,136.26,1.76,-38.82,25.28,14.85,9.64,16.54,462.8,458.8,477.8,31370,28970,130187,9/27/2023,09:00:00,3.33
9/27/2023 12:00,1,3.52,2.44,4.19,-0.78,-1.44,2.51,2.45,1.18,3.43,1.8,0.1,2.8,103.06,25.15,125.02,32.54,2.23,54.5,18.85,16.43,21.47,441.1,437.7,452.2,39600,29287,48624,9/27/2023,12:00:00,3.0
9/27/2023 15:00,1,2.98,1.02,4.74,-1.17,-3.27,1.83,1.4,-0.85,4.44,-0.57,-2.82,2.39,124.13,22.07,346.08,-23.5,-69.54,38.14,15.62,14.58,17.89,425.0,420.1,429.9,47476,40369,66705,9/27/2023,15:00:00,3.0
9/27/2023 18:00,1,4.36,3.12,5.08,0.83,-1.44,3.57,2.15,-4.74,3.59,-0.83,-4.83,2.52,59.25,28.54,260.09,-10.85,-86.11,45.28,6.9,6.14,8.05,490.8,472.0,500.7,288006,233701,442237,9/27/2023,18:00:00,2.33
9/27/2023 21:00,1,4.94,4.79,5.01,-0.11,-0.74,0.66,4.88,4.22,4.97,-0.37,-0.98,2.09,90.7,81.13,98.89,-4.27,-11.54,26.08,6.36,6.03,8.8,495.7,492.6,503.7,253255,243442,456560,9/27/2023,21:00:00,1.0
9/28/2023 0:00,1,5.21,4.85,5.3,-3.12,-4.05,-2.07,3.68,2.69,4.6,1.12,-1.34,2.91,129.95,114.23,141.17,12.5,-14.89,36.44,6.86,4.43,7.76,499.5,484.3,523.3,388478,247534,462591,9/28/2023,00:00:00,1.67
9/28/2023 3:00,1,5.63,5.53,5.68,-5.45,-5.53,-5.29,1.05,0.58,1.31,0.93,0.35,1.51,169.44,166.27,173.97,9.55,3.6,15.68,4.48,4.28,4.6,448.8,447.9,451.0,177087,169740,180013,9/28/2023,03:00:00,3.0
9/28/2023 6:00,1,4.43,4.11,4.62,-3.52,-3.82,-2.67,2.35,1.96,3.57,-0.95,-2.45,0.35,144.82,126.81,152.56,-12.16,-33.66,4.51,4.81,2.65,6.59,482.2,448.2,510.9,336552,165233,433044,9/28/2023,06:00:00,0.67
9/28/2023 9:00,1,4.54,4.4,4.65,-4.46,-4.6,-4.16,0.03,-1.52,0.48,-0.2,-1.0,1.89,181.02,173.45,199.28,-2.54,-13.19,24.31,6.92,3.61,8.09,506.4,497.9,530.1,411758,189337,507417,9/28/2023,09:00:00,1.67
9/28/2023 12:00,1,5.13,5.08,5.22,-4.34,-4.78,-3.19,1.47,-0.5,2.8,2.21,0.34,3.84,164.72,145.22,186.95,25.39,3.86,49.31,4.72,4.26,5.42,446.7,443.4,451.8,176239,158815,189120,9/28/2023,12:00:00,0.67
9/28/2023 15:00,1,5.79,5.65,5.94,-3.31,-4.12,-2.28,2.55,0.74,4.22,-4.18,-4.75,-0.35,145.21,128.14,166.58,-46.67,-56.99,-3.73,5.19,4.46,6.1,443.2,436.9,450.0,196018,162488,207137,9/28/2023,15:00:00,0.67
9/28/2023 18:00,1,5.51,5.46,5.6,-2.57,-3.47,-1.25,4.8,4.31,5.31,-0.22,-0.86,1.65,117.57,103.26,128.66,-2.33,-9.02,17.54,6.19,3.65,8.11,503.9,450.8,512.7,403690,177175,513582,9/28/2023,18:00:00,0.67
9/28/2023 21:00,1,7.46,7.19,7.92,2.46,0.53,3.48,6.24,5.54,6.98,-3.15,-4.31,-0.8,68.9,59.65,85.67,-24.88,-33.28,-6.48,5.51,3.96,8.16,458.7,435.5,485.6,169851,120563,275212,9/28/2023,21:00:00,2.33
9/29/2023 0:00,1,7.35,7.07,7.45,-0.41,-1.47,0.75,7.04,6.66,7.34,-1.81,-2.94,-0.43,93.03,83.76,101.76,-14.16,-23.8,-3.38,3.46,3.19,6.62,439.1,435.6,446.4,161905,115907,291617,9/29/2023,00:00:00,2.33
9/29/2023 3:00,1,7.96,7.87,8.02,0.92,-0.27,1.55,6.04,5.52,6.37,-5.06,-5.62,-4.67,82.0,75.01,92.77,-39.42,-45.5,-36.01,4.09,3.37,4.42,428.0,416.3,437.1,129304,95371,151643,9/29/2023,03:00:00,2.33
9/29/2023 6:00,1,8.21,8.07,8.27,5.24,4.72,5.73,-0.07,-0.47,0.34,-6.29,-6.53,-5.92,359.1,0.21,359.93,-50.22,-54.09,-45.96,5.74,4.8,6.55,448.3,439.7,459.4,134008,97833,197471,9/29/2023,06:00:00,3.67
9/29/2023 9:00,1,7.92,7.28,8.27,0.07,-2.84,2.04,2.57,0.27,4.11,-7.39,-7.91,-6.1,87.68,7.59,126.07,-70.65,-78.08,-50.92,7.85,3.61,9.1,471.0,432.7,488.1,406804,123268,466305,9/29/2023,09:00:00,4.0
9/29/2023 12:00,1,7.2,7.07,7.52,-3.85,-4.36,-2.73,0.03,-1.93,2.29,6.05,5.54,6.44,176.92,143.04,210.55,57.78,51.51,62.32,8.45,7.81,9.68,476.0,467.2,483.6,134023,79347,196728,9/29/2023,12:00:00,3.33
9/29/2023 15:00,1,7.41,6.96,7.54,-4.96,-5.32,-4.06,0.27,-2.07,2.13,5.39,4.87,5.68,180.56,156.83,206.61,47.4,42.3,51.05,8.53,6.98,10.07,458.6,453.0,467.9,47821,16585,98248,9/29/2023,15:00:00,1.33
9/29/2023 18:00,1,6.86,6.71,7.09,-4.43,-6.51,-1.53,-2.29,-5.43,2.78,4.54,0.85,5.4,201.35,155.99,254.24,41.22,6.91,52.56,8.19,7.3,9.36,464.9,450.2,485.1,86603,52140,146830,9/29/2023,18:00:00,1.0
9/29/2023 21:00,1,6.64,6.57,6.84,-6.12,-6.53,-5.17,2.67,1.37,3.97,-0.36,-3.81,0.2,156.9,143.87,168.17,-3.05,-35.26,1.66,7.39,6.96,8.06,445.1,443.0,457.1,50186,45683,69099,9/29/2023,21:00:00,1.33
9/30/2023 0:00,1,6.18,6.07,6.28,-5.84,-6.13,-4.63,1.2,-1.24,3.41,-0.37,-3.6,3.26,165.83,143.63,194.69,-3.35,-36.34,31.73,6.02,5.7,6.86,438.6,437.0,454.8,48695,40209,70266,9/30/2023,00:00:00,1.67
9/30/2023 3:00,1,5.68,5.63,5.78,-4.01,-5.17,-2.77,2.35,1.07,4.27,-3.09,-4.69,-1.5,148.54,128.61,163.46,-33.11,-55.73,-15.42,5.06,4.75,5.95,439.0,428.0,451.6,54222,47655,109146,9/30/2023,03:00:00,2.33
9/30/2023 6:00,1,5.49,4.7,5.73,-4.08,-5.02,-2.0,2.29,0.75,3.06,-2.81,-4.25,1.62,152.18,134.51,169.63,-29.94,-63.34,18.56,4.48,3.72,5.02,434.2,430.4,448.0,116313,55672,141623,9/30/2023,06:00:00,3.0
9/30/2023 9:00,1,4.93,4.74,5.1,-4.24,-4.76,-1.04,1.88,0.13,3.98,-1.93,-3.04,-0.94,153.62,104.61,178.36,-22.75,-38.24,-11.08,4.15,3.01,6.52,425.0,419.7,437.9,121509,95894,354966,9/30/2023,09:00:00,2.33
9/30/2023 12:00,1,5.22,5.15,5.28,-2.41,-3.04,-1.14,1.47,0.77,1.95,-4.4,-4.86,-4.08,146.95,128.57,165.83,-57.27,-69.33,-51.2,3.86,3.53,5.22,435.0,433.7,442.8,167680,65849,192927,9/30/2023,12:00:00,2.33
9/30/2023 15:00,1,4.58,3.53,4.78,-0.39,-2.01,4.59,0.65,-0.52,3.75,-4.17,-4.65,0.15,119.8,14.92,358.99,-69.48,-84.16,2.45,5.33,4.27,8.02,419.1,408.7,462.8,92193,64144,149879,9/30/2023,15:00:00,2.0
9/30/2023 18:00,1,5.05,4.87,5.2,-1.3,-2.36,1.9,2.17,-0.63,3.32,-4.36,-4.75,-3.3,93.33,19.45,357.23,-61.51,-73.88,-39.66,4.13,3.7,5.73,400.9,393.2,419.2,80803,46721,126009,9/30/2023,18:00:00,2.33
9/30/2023 21:00,1,5.35,5.14,5.54,-1.45,-2.68,-0.75,-0.58,-1.12,0.66,-5.1,-5.41,-4.37,198.88,166.08,225.16,-72.65,-82.1,-57.83,5.45,3.09,6.19,424.3,404.0,430.0,343456,111993,380081,9/30/2023,21:00:00,3.0
10/1/2023 0:00,1,3.9,2.47,4.94,-3.58,-4.73,-1.35,0.11,-1.61,3.72,1.44,-0.54,2.23,166.81,109.98,201.3,21.07,-6.93,42.52,3.48,1.79,5.74,415.2,398.5,422.1,95042,64486,226746,10/1/2023,00:00:00,4.0
10/1/2023 3:00,1,5.18,3.69,5.44,-0.52,-3.62,0.55,-2.08,-3.22,1.5,-4.5,-5.16,-1.28,241.12,155.81,287.22,-60.71,-72.26,-19.7,4.57,2.59,5.24,413.5,405.6,421.6,92267,77417,231543,10/1/2023,03:00:00,2.0
10/1/2023 6:00,1,5.3,5.01,5.4,-1.42,-2.34,0.13,4.67,3.82,5.31,1.64,-0.64,2.97,105.07,88.62,119.45,18.09,-7.02,35.1,4.44,3.71,5.48,407.0,400.4,413.3,86993,64014,97421,10/1/2023,06:00:00,2.0
10/1/2023 9:00,1,5.91,5.83,6.1,-4.06,-4.38,-3.51,-2.34,-3.22,-1.3,-3.73,-4.59,-3.24,208.83,197.32,221.68,-39.31,-49.42,-33.69,4.12,3.09,6.41,399.5,390.8,423.1,116785,78120,348351,10/1/2023,09:00:00,2.0
10/1/2023 12:00,1,5.04,4.76,5.25,-4.66,-4.97,-3.38,0.57,-1.82,2.89,-0.6,-1.59,2.97,167.22,142.45,201.36,-6.8,-18.84,35.21,2.37,1.03,4.23,412.8,401.8,423.8,103563,50722,245678,10/1/2023,12:00:00,2.0
10/1/2023 15:00,1,5.32,5.22,5.43,-3.16,-3.48,-2.67,2.07,-0.07,3.43,3.62,2.46,4.47,148.16,132.35,181.27,42.99,27.87,55.41,3.88,3.63,4.97,413.3,407.2,418.0,280486,216389,311030,10/1/2023,15:00:00,1.0
10/1/2023 18:00,1,5.3,4.95,5.5,-3.45,-4.2,-2.67,2.0,1.04,3.22,-3.41,-4.08,-2.18,148.92,139.44,159.25,-41.07,-54.39,-23.63,3.32,2.78,4.18,417.2,403.1,426.9,278629,213693,294215,10/1/2023,18:00:00,1.33
10/1/2023 21:00,1,4.83,4.56,5.0,-1.81,-2.5,-0.65,3.61,3.02,4.43,2.55,-0.63,3.41,114.75,101.58,125.28,31.99,-7.72,46.19,5.58,4.14,5.91,429.1,416.1,431.8,360278,209814,369791,10/1/2023,21:00:00,1.67
10/2/2023 0:00,1,4.77,4.59,4.86,-1.54,-2.39,-0.57,0.47,-2.23,2.08,-4.34,-4.64,-3.36,159.42,118.68,224.46,-66.75,-82.91,-46.55,4.28,3.99,4.68,396.2,391.2,407.1,136697,99895,280714,10/2/2023,00:00:00,3.0
10/2/2023 3:00,1,5.35,5.14,5.46,-0.11,-2.19,0.49,4.48,1.99,5.14,-2.86,-4.28,-0.06,96.59,83.28,137.83,-32.17,-55.34,-0.58,4.14,1.28,4.72,412.4,405.4,425.9,308563,123964,329016,10/2/2023,03:00:00,3.33
10/2/2023 6:00,1,6.12,5.99,6.18,-3.24,-3.84,-2.84,5.18,4.51,5.48,-0.25,-1.33,0.27,122.15,117.41,130.42,-2.3,-12.65,2.59,1.57,0.82,5.14,444.2,429.4,484.7,194818,68948,252501,10/2/2023,06:00:00,1.0
10/2/2023 9:00,1,6.23,6.15,6.29,-2.92,-3.44,-2.5,5.39,4.84,5.69,-0.96,-1.64,0.13,118.82,113.69,125.42,-8.98,-15.42,1.19,1.65,1.13,1.77,445.5,436.8,447.7,195566,114610,202135,10/2/2023,09:00:00,2.33
10/2/2023 12:00,1,5.08,4.88,5.38,1.43,-1.25,2.83,1.43,-1.59,4.87,-4.31,-4.77,0.7,40.2,4.88,350.97,-59.13,-70.12,7.92,3.29,2.45,4.25,403.1,378.8,410.5,87467,29616,188042,10/2/2023,12:00:00,1.67
10/2/2023 15:00,1,3.98,2.64,4.61,-1.63,-3.24,2.26,1.4,-2.56,4.19,1.33,-3.65,2.41,142.86,47.42,226.97,18.5,-56.84,42.91,2.46,1.96,4.85,392.7,382.5,403.1,97354,65824,214530,10/2/2023,15:00:00,1.67
10/2/2023 18:00,1,3.75,3.48,4.08,-2.24,-3.06,-1.25,0.34,-1.82,3.48,2.33,-0.16,3.28,166.63,109.82,219.09,37.5,-2.5,60.63,1.93,1.03,2.75,384.6,373.1,393.4,114661,49474,169341,10/2/2023,18:00:00,1.67
10/2/2023 21:00,1,3.48,3.09,3.73,-2.1,-3.0,1.47,1.93,-2.13,3.28,1.58,-0.11,2.27,154.93,62.99,226.6,26.79,-2.0,40.85,0.99,0.18,2.56,378.4,371.1,407.8,67934,8209,167001,10/2/2023,21:00:00,2.33
10/3/2023 0:00,1,3.46,1.95,3.61,-2.13,-2.74,-1.07,0.13,-0.7,1.45,2.44,-1.2,3.36,173.08,136.14,210.52,48.81,-38.49,69.22,0.76,0.16,1.39,421.7,406.9,433.4,63184,5000,136116,10/3/2023,00:00:00,1.33
10/3/2023 3:00,1,3.39,3.11,3.62,0.26,-0.18,1.2,0.77,-2.3,2.44,-3.16,-3.5,-1.89,58.71,35.77,345.46,-68.28,-87.5,-37.72,0.8,0.3,2.04,413.9,390.9,434.7,110479,33095,219854,10/3/2023,03:00:00,2.67
10/3/2023 6:00,1,4.48,4.15,4.83,-1.52,-2.41,-0.16,3.73,2.99,4.11,2.1,0.44,3.0,111.0,92.46,126.97,26.72,5.9,44.85,4.14,1.18,6.51,474.7,419.6,481.8,326051,32535,431317,10/3/2023,06:00:00,1.67
10/3/2023 9:00,1,5.02,4.81,5.15,-2.84,-3.6,-1.93,4.1,2.89,4.39,-0.41,-2.25,1.99,126.5,116.21,140.68,-4.53,-26.58,24.5,7.23,6.52,7.42,481.5,478.5,482.6,449216,415905,470362,10/3/2023,09:00:00,1.33
10/3/2023 12:00,1,6.63,6.45,7.22,-2.82,-3.45,-1.91,0.91,-0.13,1.81,-5.93,-6.53,-5.58,161.07,140.47,183.88,-64.22,-72.73,-58.66,4.79,3.95,5.94,346.4,342.0,349.5,20621,17664,25289,10/3/2023,12:00:00,2.33
10/3/2023 15:00,1,7.67,5.03,7.9,-7.24,-7.71,-4.83,1.11,0.25,1.94,-1.42,-2.63,-0.3,170.42,162.55,178.01,-11.61,-20.08,-3.39,4.31,3.45,5.69,339.3,327.8,348.2,56771,17682,93287,10/3/2023,15:00:00,2.33
10/3/2023 18:00,1,7.56,6.87,7.82,-6.44,-7.24,-5.48,3.41,-1.73,4.44,0.4,-3.57,2.27,157.36,143.98,197.13,2.94,-31.29,19.77,4.69,3.9,6.63,324.3,322.4,339.7,13962,10050,70688,10/3/2023,18:00:00,2.33
10/3/2023 21:00,1,7.01,6.89,7.58,-6.38,-7.2,-4.76,2.1,1.01,5.02,-1.71,-2.21,-1.1,157.21,133.44,172.03,-14.13,-18.32,-8.84,4.76,3.79,5.26,393.5,386.0,400.2,115695,103566,130902,10/3/2023,21:00:00,1.67
10/4/2023 0:00,1,8.4,8.15,8.58,-6.7,-7.67,-5.99,5.05,1.65,5.63,-1.0,-2.33,-0.51,144.3,137.21,167.87,-6.81,-16.61,-3.48,2.92,2.35,4.02,393.0,390.1,395.8,130122,123357,142399,10/4/2023,00:00:00,2.67
10/4/2023 3:00,1,7.64,7.44,8.16,-6.41,-6.68,-6.27,0.53,-0.47,3.05,-4.0,-4.35,-3.69,174.64,155.18,184.21,-31.95,-34.27,-26.9,3.54,0.79,3.82,362.8,326.0,365.2,105297,5160,130060,10/4/2023,03:00:00,2.33
10/4/2023 6:00,1,8.51,8.21,8.6,-1.08,-3.18,0.23,7.25,0.5,7.79,-4.06,-7.77,-2.76,103.36,88.16,147.47,-28.67,-84.47,-20.05,4.37,2.83,5.79,401.8,393.9,410.8,129908,104980,161252,10/4/2023,06:00:00,2.67
10/4/2023 9:00,1,8.03,7.99,8.34,-4.44,-5.05,-4.33,5.22,5.08,5.96,-4.21,-4.36,-3.43,130.36,126.41,133.89,-31.7,-32.83,-24.68,2.04,1.79,2.53,423.5,416.0,439.6,136853,83774,217178,10/4/2023,09:00:00,2.67
10/4/2023 12:00,1,7.15,5.81,7.69,-1.06,-3.8,1.96,7.02,2.53,7.63,-1.05,-4.97,0.78,100.83,72.54,146.03,-8.3,-50.82,6.02,2.18,1.14,4.17,411.4,377.7,429.1,125238,68660,284019,10/4/2023,12:00:00,2.0
10/4/2023 15:00,1,6.49,6.36,6.74,-2.19,-4.01,-1.21,5.42,3.79,6.46,-2.15,-4.86,0.94,114.05,102.47,130.13,-19.67,-49.08,8.05,2.74,2.27,6.88,435.2,418.9,474.4,220530,155009,513432,10/4/2023,15:00:00,1.67
10/4/2023 18:00,1,8.53,7.36,8.89,-0.37,-3.15,1.63,7.58,5.02,8.32,3.51,-4.14,5.58,91.13,72.05,121.36,23.88,-34.44,46.58,4.31,3.55,5.85,404.3,396.4,425.0,117775,91726,354407,10/4/2023,18:00:00,2.0
10/4/2023 21:00,1,7.77,7.52,8.06,-1.3,-3.94,0.93,7.46,6.28,7.97,1.44,-1.67,2.72,99.43,83.21,121.47,10.97,-12.39,21.32,6.63,5.54,7.09,421.4,406.6,426.3,59282,55693,64183,10/4/2023,21:00:00,3.33
10/5/2023 0:00,1,7.48,6.39,7.69,-2.31,-3.56,0.12,-0.84,-5.25,3.51,-6.69,-7.14,-3.69,179.56,86.64,264.65,-64.22,-78.08,-34.96,6.4,5.75,7.81,432.2,423.3,441.1,70214,66926,89597,10/5/2023,00:00:00,4.33
10/5/2023 3:00,1,5.09,4.91,5.9,-1.54,-2.61,1.12,0.57,-1.21,5.0,-4.37,-5.15,-2.95,139.89,60.57,206.36,-62.13,-82.74,-29.98,6.27,5.6,6.83,461.9,444.5,468.5,189421,172172,202580,10/5/2023,03:00:00,5.0
10/5/2023 6:00,1,5.62,5.3,6.01,-2.62,-3.28,-1.86,-4.47,-5.07,-3.7,-2.08,-3.41,-0.72,239.71,232.9,249.83,-22.21,-36.51,-7.59,7.1,6.61,7.76,441.2,436.1,448.0,101680,71372,119814,10/5/2023,06:00:00,2.33
10/5/2023 9:00,1,5.08,4.06,5.29,2.48,0.63,2.66,3.11,2.35,3.89,-3.11,-3.86,-0.99,53.4,42.8,80.77,-37.87,-46.92,-14.08,5.91,5.55,8.21,455.7,444.6,458.4,173024,103981,190229,10/5/2023,09:00:00,3.0
10/5/2023 12:00,1,3.87,3.12,4.98,2.12,-0.2,2.96,2.62,-0.97,3.45,0.27,-4.88,1.91,45.38,27.98,347.19,4.24,-87.88,29.73,5.6,5.16,6.37,459.1,443.4,466.3,195980,122134,225621,10/5/2023,12:00:00,2.0
10/5/2023 15:00,1,3.61,2.27,4.24,1.8,1.0,2.81,2.97,1.31,3.32,0.01,-2.34,1.32,57.79,44.55,73.06,0.2,-40.43,35.32,4.69,4.53,5.0,453.7,452.0,457.8,209335,183888,232401,10/5/2023,15:00:00,1.0
10/5/2023 18:00,1,3.67,3.2,4.26,0.43,-0.79,1.56,3.5,2.68,4.17,-0.91,-1.87,0.65,84.8,66.5,106.03,-14.79,-31.22,9.51,4.57,4.33,5.33,440.2,436.7,464.4,109307,93638,220124,10/5/2023,18:00:00,1.33
10/5/2023 21:00,1,2.56,1.66,3.5,-0.21,-1.53,1.97,0.82,-0.58,2.87,-1.79,-2.63,2.17,99.58,33.79,203.12,-61.94,-80.33,43.12,4.77,4.5,5.28,461.3,454.5,467.8,192777,172033,207823,10/5/2023,21:00:00,2.33
10/6/2023 0:00,1,4.54,2.64,5.15,-0.08,-1.14,2.87,-3.89,-4.92,-1.41,-1.97,-3.52,1.5,270.58,252.3,333.84,-24.0,-49.94,30.96,12.97,11.82,13.72,460.7,457.5,466.0,128809,102442,176791,10/6/2023,00:00:00,2.33
10/6/2023 3:00,1,4.88,3.25,6.13,0.72,-0.78,3.29,3.45,0.5,4.76,-2.66,-4.0,5.1,76.74,8.69,100.77,-35.56,-51.64,56.84,13.42,12.49,14.29,473.5,471.2,480.5,181225,161103,217288,10/6/2023,03:00:00,2.67
10/6/2023 6:00,1,5.77,3.74,6.67,2.81,-2.62,3.92,4.02,2.02,5.31,1.71,-1.5,3.49,60.15,27.31,129.82,20.13,-20.13,38.32,14.33,11.72,15.47,440.8,428.0,444.6,89326,74555,114793,10/6/2023,06:00:00,2.33
10/6/2023 9:00,1,4.27,3.47,5.26,2.9,0.5,4.24,-0.41,-2.42,2.09,2.84,0.69,3.52,355.86,0.28,354.61,40.91,11.41,58.33,15.49,13.29,17.3,424.5,418.7,430.1,45646,40952,54919,10/6/2023,09:00:00,1.67
10/6/2023 12:00,1,4.47,3.58,5.38,0.23,-1.78,2.39,-4.1,-4.76,-2.91,1.28,-0.97,3.18,275.99,247.67,305.43,17.28,-12.4,37.66,11.1,10.53,11.74,420.2,417.0,423.0,50568,42111,66226,10/6/2023,12:00:00,1.33
